%time,field.x,field.y,field.theta
1421851407906638826,0.0323509999243,-0.118585570391,-0.142783861877
1421851407933070285,0.0317307463796,-0.115454143807,-0.143831270101
1421851407949758368,0.0319201185366,-0.115279402946,-0.14384042341
1421851407993382576,0.0301779724064,-0.112816581844,-0.144469440796
1421851408030094493,0.0293339219951,-0.110609972261,-0.144512041874
1421851408049967535,0.0305743760222,-0.111121907973,-0.143836128252
1421851408050386701,0.0308830014372,-0.109439985135,-0.14450445158
1421851408090041493,0.0309961752632,-0.107320166192,-0.144192370813
1421851408133418451,0.0298159809467,-0.104327967483,-0.14456045722
1421851408223259660,0.031119182175,-0.103317710156,-0.144474250107
1421851408223766576,0.0308633057355,-0.10042358604,-0.143455919837
1421851408223919535,0.0307410774451,-0.0982195820562,-0.143289641795
1421851408332361118,0.0317712424194,-0.0966779881785,-0.142700535194
1421851408332815743,0.0322435017253,-0.0939953093708,-0.142226746174
1421851408332934410,0.0335694873023,-0.0908361770833,-0.141006158316
1421851408480710243,0.0332199200705,-0.0884737413627,-0.14100988191
1421851408481067951,0.0336866915909,-0.0873960484596,-0.139221444485
1421851408481480576,0.0344518735159,-0.0835633750645,-0.138065745033
1421851408562804535,0.0356610939283,-0.0807325087235,-0.137067644733
1421851408563272660,0.0344679598494,-0.0822383565498,-0.136198754213
1421851408624007951,0.0369025318281,-0.0772028957235,-0.134952436099
1421851408624153368,0.0396815705567,-0.0734846402807,-0.13250895054
1421851408678400493,0.0392177742268,-0.0707536697266,-0.131575940629
1421851408713652451,0.0429662704513,-0.0721563567324,-0.129266282844
1421851408738558660,0.042673163662,-0.0706462251172,-0.128257505705
1421851408762277743,0.0421798920203,-0.0711951540011,-0.127578143897
1421851408780991326,0.0431007508482,-0.0700521642662,-0.12530407365
1421851408794521410,0.044861265705,-0.0689063430499,-0.12321500942
1421851408837765701,0.0453250233563,-0.0687204697223,-0.123016301433
1421851408869713826,0.0460137629409,-0.0685370851285,-0.121626171032
1421851410183390993,0.0107954287602,-0.144220033071,-0.0724152394535
1421851410183517326,0.00776712508699,-0.148823850965,-0.0710481427653
1421851410184076868,0.00780175199964,-0.151796160521,-0.0691811295098
1421851410184208951,0.00408686611446,-0.159121121299,-0.0682129123833
1421851410515687994,-0.00590742769621,-0.190935995032,-0.0597941874229
1421851410515900453,-0.0111056878408,-0.198427585213,-0.0580208113677
1421851410516071453,-0.0139126891178,-0.205444882436,-0.0564668326025
1421851410635333786,-0.00652606029455,-0.206513370862,-0.0483920717684
1421851410667819453,-0.000869068706343,-0.203803407536,-0.0461326525324
1421851410795830786,0.000583206191444,-0.198214982656,-0.0461784797371
1421851410854873870,0.0190140631304,-0.1825590873,-0.044510280257
1421851411020480120,0.0360007417092,-0.165221861362,-0.0495534429723
1421851411020903828,0.0384493701075,-0.162744537727,-0.0502342709161
1421851411264277745,0.0456331686904,-0.14773281785,-0.0563059390786
1421851411264653370,0.0469368014784,-0.145420686036,-0.057126045252
1421851411265009245,0.0478685750601,-0.143689678333,-0.0582217809498
1421851411664365870,0.050050020045,-0.119207768012,-0.072039165047
1421851411664772536,0.0476669901024,-0.117457102086,-0.0735328754197
1421851412135459828,0.0408530471447,-0.106227462936,-0.0720676260013
1421851412136458662,0.0387652665611,-0.105721385101,-0.0729586400825
1421851412294281162,0.0395117310147,-0.108039743079,-0.0720362804614
1421851412346334662,0.0356934393672,-0.106875945356,-0.0751427754722
1421851412379729578,0.0357722670899,-0.107732731425,-0.0761068729738
1421851412420477661,0.0359770992517,-0.107931424965,-0.076184064166
1421851412599122328,0.0321250844848,-0.11177929823,-0.082985020844
1421851412633947703,0.032377283788,-0.112303244359,-0.0836798819211
1421851412645766078,0.0326422025535,-0.112794151056,-0.0847689647221
1421851412694519078,0.0315001700736,-0.112771197075,-0.0877248463032
1421851412743581620,0.0316077137461,-0.115247915676,-0.0879446540387
1421851412770227412,0.0319368833066,-0.115951923339,-0.0890146478184
1421851412849895245,0.0320885191378,-0.116455092582,-0.0894735129622
1421851412850250287,0.0342726073193,-0.118755515957,-0.090059511653
1421851413121969745,0.0397251706903,-0.119673138931,-0.0932466146983
1421851413122380745,0.0398778722056,-0.120288400811,-0.0934372855056
1421851413207586995,0.0451860058453,-0.121844528118,-0.0923592292798
1421851413649711328,0.0669493908126,-0.126102690005,-0.0816629754645
1421851413650125370,0.0690076994787,-0.125515776417,-0.080081875532
1421851413791768787,0.0779539244906,-0.123802381761,-0.0733425587454
1421851414785176705,0.105124310128,0.244362687288,-0.0664538142282
1421851414843328622,0.107227674055,0.278564156183,-0.0632953149207
1421851414843449788,0.105383462235,0.290080769847,-0.0644525567243
1421851414843823205,0.105027059062,0.302690643087,-0.0652651443633
1421851414954456788,0.121485987247,0.371476898377,-0.0714677111669
1421851414997527122,0.140421160634,0.382782760356,-0.0692886435044
1421851415013300830,0.127565297276,0.384876032624,-0.0701238191025
1421851415038511205,0.145779024616,0.3945413089,-0.0685160521916
1421851415051621372,0.122606729005,0.409184844773,-0.0713634742511
1421851415089654872,0.115814410795,0.415951785147,-0.0651977121326
1421851415162618539,0.115364314708,0.424190745831,-0.0670719138604
1421851415213567497,0.113254640328,0.423561279557,-0.0681962396004
1421851415213958205,0.105296120236,0.415494291054,-0.0651645548737
1421851415214441330,0.0977453463401,0.397283596553,-0.0664859055383
1421851415272690997,0.0870274909502,0.380484094583,-0.0666678105153
1421851415296812872,0.0648882483312,0.385875706535,-0.0606376403076
1421851415333191247,0.0592384408994,0.349810130513,-0.0575886664415
1421851415382296539,0.0627740524105,0.30760664516,-0.0581165658562
1421851415399711455,0.0505924493506,0.289939806496,-0.057868484183
1421851415430926705,0.0412577748151,0.25645756239,-0.0554327211572
1421851415463994663,0.0334492890678,0.223847457393,-0.0523460377737
1421851415473832122,0.0251965885689,0.209345749732,-0.0541549567954
1421851415495634288,0.0182929269362,0.188434837603,-0.0554891198501
1421851415553498955,0.00783786928388,0.139865555616,-0.0550287613396
1421851415591944330,-0.00390646057382,0.091272647571,-0.0546627985292
1421851415709026163,-0.0107173337087,0.0672532836464,-0.054549624336
1421851415710599580,-0.0151646943651,0.045137700915,-0.0544995961103
1421851415712134747,-0.0220311202899,0.0246693462876,-0.0549389379071
1421851415829640747,-0.0335115078187,-0.0159531740905,-0.0561392100042
1421851415830084080,-0.0435149256193,-0.054128106747,-0.0561376611665
1421851415830531913,-0.0464513871582,-0.0737288305211,-0.0548951775242
1421851415980093288,-0.0570640483725,-0.106144425409,-0.0555161405285
1421851415980543122,-0.0613645072238,-0.121699374485,-0.0556612284241
1421851415980976747,-0.0637571338195,-0.136460061507,-0.0554857011504
1421851416167422914,-0.068403185468,-0.152682811287,-0.0551556752058
1421851416167592789,-0.0780837581555,-0.191897249975,-0.05479051167
1421851416167945580,-0.0848214685275,-0.214550938314,-0.0536542363068
1421851416168401997,-0.0850833953322,-0.22441042235,-0.0525269173145
1421851416168574914,-0.0938024977161,-0.242293033352,-0.050809127809
1421851416168819372,-0.0957198934657,-0.246002476095,-0.0517390482017
1421851416169206830,-0.0941335685625,-0.249336464548,-0.0501793049598
1421851416297831247,-0.0941936952377,-0.255231099051,-0.0487011614451
1421851416298352872,-0.0878569825145,-0.262438145928,-0.0456209629844
1421851416298735330,-0.0893655670018,-0.265915619699,-0.044743639717
1421851416425790038,-0.0876945783689,-0.267424924956,-0.0432829437683
1421851416426214289,-0.0824740582762,-0.269323018669,-0.0405616025002
1421851416426666914,-0.0748110051138,-0.267563937197,-0.0375379001601
1421851416427837372,-0.0690226673923,-0.264806591943,-0.0361084357792
1421851416720188455,-0.0569370864802,-0.258797143492,-0.0326273410832
1421851416720587830,-0.0327862674262,-0.26677002641,-0.0279553517708
1421851416720938538,-0.0220559058889,-0.264179490523,-0.0261768949748
1421851416721470330,-0.000443951710168,-0.262234741938,-0.0199732568845
1421851416721919289,0.0152168462725,-0.240293731437,-0.0185315673763
1421851416722353580,0.0239407586489,-0.231093622861,-0.0178758236691
1421851416722857580,0.0309155936604,-0.226769439662,-0.0166326630202
1421851416904859872,0.0376755531141,-0.216078870929,-0.0161621920107
1421851416905234664,0.0539236761025,-0.196804440193,-0.0152849531558
1421851416905585497,0.063406945512,-0.186443268845,-0.0146626118158
1421851416905905330,0.0793520288082,-0.167171847065,-0.0141038198465
1421851416906439914,0.0853320315983,-0.133446754979,-0.0174135505864
1421851417016082872,0.09166106561,-0.115995214547,-0.0186231157121
1421851417016483122,0.0953204835366,-0.105017960135,-0.0180143885951
1421851417016593497,0.101856862011,-0.0902051899347,-0.0192054061224
1421851417086446955,0.107354730146,-0.0803312569424,-0.0183888650149
1421851417087038080,0.121344170545,-0.0536536095005,-0.0192731526911
1421851417118133414,0.129775846196,-0.0457826181647,-0.0178025522084
1421851417149891705,0.13640217093,-0.0247221372232,-0.0141780188504
1421851417218295539,0.142308769161,-0.0141381757922,-0.0139416619658
1421851417253239080,0.144807282322,-0.0023193850133,-0.0139152535436
1421851417294126789,0.15943076244,0.0231810919453,-0.011226727065
1421851417294576747,0.166890601527,0.042110502753,-0.0113564681628
1421851417364359372,0.173189036993,0.049707383423,-0.011777987229
1421851417364499747,0.179175371309,0.054433867438,-0.0108670503014
1421851417397275080,0.183580876062,0.0642461835672,-0.0103324119008
1421851417415259247,0.186439913956,0.0753987283735,-0.0116925211641
1421851417441906372,0.193381017155,0.0827073266985,-0.0119254606195
1421851417476206455,0.196703704666,0.0870304440261,-0.0114969243639
1421851417551555872,0.202932791941,0.0964286634424,-0.0127152205674
1421851417551710789,0.204591484879,0.100785171718,-0.0126535199318
1421851417552182289,0.210287881249,0.107762048894,-0.0133524416913
1421851417626904997,0.213619756182,0.112713340007,-0.0124991805702
1421851417627532039,0.214101382425,0.118251627761,-0.0141175981405
1421851417745583205,0.218948569857,0.120450826578,-0.0125253485238
1421851417745992914,0.219446247233,0.125092119684,-0.0131493638189
1421851417746135247,0.226953895195,0.130351061568,-0.0121992160181
1421851417746366955,0.229413153975,0.132947712632,-0.0128726595194
1421851417903809372,0.232248295386,0.133800252425,-0.0125596452319
1421851417904334997,0.229384852504,0.13505301743,-0.0131241210652
1421851417904686497,0.227500385212,0.134177829096,-0.0157366826294
1421851417905411580,0.232164241958,0.131988617524,-0.017637108543
1421851418048058955,0.241334575684,0.111578932757,-0.0162359963294
1421851418049579247,0.242085415445,0.103888676989,-0.0160032955436
1421851418049986455,0.246404865295,0.0982175447428,-0.0137434390067
1421851418050117247,0.249218462326,0.0929343133319,-0.0128798299099
1421851418337960705,0.247885009224,0.0854528446173,-0.0130933098312
1421851418338348247,0.249465314553,0.0861267057722,-0.0135998771408
1421851418338900789,0.251880930505,0.0815126242715,-0.0126077679411
1421851418339332872,0.239636844545,0.0903314633237,-0.0179643405939
1421851418339873039,0.227147175355,0.111794835618,-0.0250385502778
1421851418340237372,0.224341029813,0.105789570443,-0.0253371941525
1421851418340733372,0.220098460503,0.103436145499,-0.0268183419165
1421851418341460539,0.215734814003,0.10044236959,-0.0273552521243
1421851418342092497,0.214820774915,0.0962093304738,-0.0270097130772
1421851418342641455,0.208684048623,0.0970331205015,-0.0284798020171
1421851418579078664,0.204127199698,0.0970795766609,-0.0288589280566
1421851418579412080,0.201485586195,0.0940888043418,-0.0290866627628
1421851418579953580,0.19677812927,0.0877455726085,-0.0295609343007
1421851418580350289,0.189026637898,0.0870821975263,-0.0301845216268
1421851418580776580,0.185660075061,0.0830511695678,-0.0306247929461
1421851418581586622,0.184610185725,0.0806865455944,-0.029970933973
1421851418582143080,0.173808225518,0.0737313121403,-0.0306382657034
1421851418582545914,0.169754844547,0.0708370592925,-0.0312033515805
1421851418780664332,0.166288788487,0.0678890414855,-0.03159580064
1421851418780808957,0.160495292768,0.0580329173429,-0.0308918978559
1421851418781328749,0.154378203486,0.0539408360855,-0.0315177591285
1421851418782096791,0.150437038734,0.0506664322855,-0.0318292926079
1421851418782270124,0.146728889639,0.0455697326275,-0.0326120442797
1421851418782954874,0.14025016761,0.0424282798495,-0.0331761679154
1421851418937421041,0.136665846477,0.0330041513822,-0.0319597383305
1421851418937844665,0.131488413517,0.0240174678055,-0.0318446819618
1421851418938237749,0.129084730287,0.0235961769724,-0.0321081856902
1421851418938690749,0.124898787904,0.0194316513939,-0.0325632814677
1421851419082614332,0.12307441526,0.0150859205737,-0.0317910586387
1421851419083010999,0.11529404384,0.0106022857418,-0.0329780414618
1421851419083437374,0.113816036702,0.00907721532324,-0.0327681794098
1421851419083856124,0.108316678922,0.00101264328288,-0.0320344185565
1421851419084276790,0.10997590874,0.000695071013278,-0.0321608027547
1421851419091534291,0.109245962345,-0.00241814503153,-0.0310464378887
1421851419233916540,0.108867664423,-0.00692008344216,-0.0303469431312
1421851419234311582,0.10558030604,-0.0109452199247,-0.029907942891
1421851419234433290,0.103522661506,-0.0129902517657,-0.030270675384
1421851419234856874,0.102265520369,-0.0136914263825,-0.0303823402345
1421851419379067124,0.101372065524,-0.0169329336865,-0.0298683761278
1421851419379185374,0.100812489388,-0.0174410015713,-0.0303838161908
1421851419379534124,0.100147745281,-0.0174629691711,-0.0299173654165
1421851419379872665,0.100147210562,-0.019743785492,-0.0296890486755
1421851419380310082,0.101016371101,-0.0214244833404,-0.0293096476294
1421851419498696874,0.101461420443,-0.0217776652946,-0.0287653849422
1421851419499051165,0.102069615535,-0.0247449149185,-0.0284999365808
1421851419499475124,0.105780826097,-0.0258047646338,-0.0272652247732
1421851419499845165,0.10662847332,-0.0259598326491,-0.0271671628511
1421851419527348166,0.107051003208,-0.0267943278868,-0.0262203011645
1421851419552762374,0.110356527802,-0.0280574553288,-0.0255784658513
1421851419568699832,0.10849338789,-0.0285554651721,-0.0248842921563
1421851419600473457,0.109943792469,-0.0298540088678,-0.0238973358961
1421851419600647332,0.110428971107,-0.0312547413678,-0.0233433848536
1421851419640178249,0.113082484277,-0.0317456469077,-0.0227274273785
1421851419677429291,0.113033422871,-0.030797792219,-0.0227856202346
1421851419742945582,0.116729171395,-0.0320705409415,-0.0217624732975
1421851419743644999,0.117287501458,-0.0338449030405,-0.0215431497007
1421851419827975874,0.118576966588,-0.032447417529,-0.0208271407718
1421851419828105499,0.12131459031,-0.0342880175067,-0.0201286233722
1421851419943382291,0.125485678357,-0.0356568043083,-0.0183654208968
1421851419984551499,0.122674923418,-0.0363690166393,-0.0182995177799
1421851420006614332,0.123707458931,-0.0362923853935,-0.0179590250293
1421851420038855832,0.124014192955,-0.0355283081005,-0.0182119129326
1421851420082282957,0.124242933998,-0.0378367690302,-0.0182903138469
1421851420085948124,0.121684029918,-0.0380733546768,-0.0187084830409
1421851420092197582,0.123160389078,-0.0384539681923,-0.0183771629142
1421851420172549707,0.122843443273,-0.0404053544049,-0.0181886542354
1421851420209951082,0.121163965576,-0.0401234684535,-0.0184821468588
1421851420210426124,0.121032150847,-0.0404168754233,-0.0184775912965
1421851420246920874,0.122063029669,-0.0414658279702,-0.0188963915375
1421851420262694041,0.121302941971,-0.0396045599862,-0.0192683786947
1421851420296280832,0.12045055097,-0.0399366280213,-0.0195063850644
1421851420324061291,0.118181492887,-0.0438252142903,-0.0193027330947
1421851420346745416,0.118248448193,-0.0428567123143,-0.0201322437622
1421851420455941707,0.115638644949,-0.0450814782574,-0.0204597802762
1421851420465141207,0.116086985073,-0.0442216370266,-0.0212077815724
1421851420494817124,0.112477579906,-0.0471266640862,-0.0219513051955
1421851420525678082,0.111985904102,-0.048143066949,-0.0225207290115
1421851420550142499,0.109312208726,-0.0500772903498,-0.0234746117697
1421851420575158624,0.106982686987,-0.0532645287734,-0.024331841534
1421851422466708374,0.0943396707773,-0.136972058723,-0.00955419767373
1421851422467088541,0.0702709014096,-0.145607350248,-0.0144750027133
1421851422467455916,0.0540737644654,-0.160887093786,-0.0245894042294
1421851422467789082,0.0367556647801,-0.166776011782,-0.0303195242684
1421851422747572291,0.0116935831196,-0.186841004005,-0.0389381770062
1421851422747937666,-0.0160147712941,-0.209946514585,-0.0456920851329
1421851422748290291,-0.0272520228355,-0.217700426765,-0.0501324174052
1421851422748416374,-0.0534380177304,-0.239731015088,-0.0565749978925
1421851422748791707,-0.0783993716321,-0.255568312909,-0.0646967523537
1421851422749242666,-0.122218816249,-0.282176694715,-0.0755381953411
1421851423287759543,-0.236461554691,-0.369529993384,-0.0998118680646
1421851423308076001,-0.238127185008,-0.37923472401,-0.10087747807
1421851423834881501,-0.164207349515,-0.398045204809,-0.127634520582
1421851423892820584,-0.142376463232,-0.390185030889,-0.130299905004
1421851423926861418,-0.130962807354,-0.388032444371,-0.131341219789
1421851423928446459,-0.119677250828,-0.384490015076,-0.131884344708
1421851424159896417,-0.00386017909772,-0.358627858818,-0.130880868423
1421851424329796959,0.0626909032149,-0.320799837109,-0.132626430765
1421851424432697084,0.0965258809234,-0.300791277652,-0.130611319653
1421851424463954084,0.114564973836,-0.286666519912,-0.129187638495
1421851424535232417,0.140421705844,-0.26975884428,-0.126622505545
1421851424748858543,0.174915726959,-0.223293707446,-0.114436575669
1421851424780758251,0.173534448415,-0.221661542406,-0.111918371933
1421851424840192167,0.17628685687,-0.218370040499,-0.110068261328
1421851424840316292,0.17420657789,-0.217266481865,-0.107396004917
1421851424886680376,0.174312418988,-0.21404188407,-0.104208809249
1421851424886827501,0.178073296857,-0.209537046186,-0.102229136943
1421851424954537126,0.175150961285,-0.204181261353,-0.0985456129882
1421851425094019584,0.178474102038,-0.199361773453,-0.0966530659539
1421851425094460751,0.17548585376,-0.196229408536,-0.0950517803496
1421851425094866459,0.176760421951,-0.195547260828,-0.0922091364277
1421851425095277168,0.174425595017,-0.189843239586,-0.0880059402663
1421851425095729001,0.171725280111,-0.188314753108,-0.0864907200538
1421851425160210126,0.170794673224,-0.184957931544,-0.0844766222495
1421851425190688168,0.169284340875,-0.183643796238,-0.0821209973167
1421851425221705668,0.16622052997,-0.181729282644,-0.0806044700137
1421851425273161501,0.163330035413,-0.185035448439,-0.0740382127571
1421851425305462043,0.158192351781,-0.183957522649,-0.0696606743104
1421851425306053793,0.151492724206,-0.184202425457,-0.0666676133159
1421851425334523293,0.148405878001,-0.184408947426,-0.0648317716335
1421851425389305834,0.142549346849,-0.186684626238,-0.0629194513567
1421851425430304168,0.139041713313,-0.186097570632,-0.0616433094459
1421851425461093251,0.133698630033,-0.188324464928,-0.0598214258197
1421851425497535584,0.132289275577,-0.187348640524,-0.0587790217131
1421851425497652126,0.126475016329,-0.189286154076,-0.0565331337104
1421851425525767376,0.118540560073,-0.192570738883,-0.053240321647
1421851425599712793,0.109383327315,-0.194199552187,-0.0506713759818
1421851425600163376,0.104738719748,-0.196689682811,-0.0491701032232
1421851425677011584,0.103006580561,-0.20103595,-0.0460277431781
1421851425677240834,0.0973221845455,-0.201197957599,-0.0457376563091
1421851425677641626,0.0879752006874,-0.204227880602,-0.0430362154406
1421851425746721418,0.0849370099972,-0.205851330403,-0.0423588183336
1421851425747185751,0.0821954030741,-0.207730139064,-0.0408647056679
1421851425842691334,0.0789625266507,-0.211046508993,-0.039587725332
1421851425843178418,0.0745006785243,-0.214004314584,-0.0395282502564
1421851425843613334,0.069558699787,-0.215041498137,-0.039235917211
1421851425944263043,0.0626278824666,-0.218856675183,-0.0369639814276
1421851425944722001,0.0592610349401,-0.222906905095,-0.0360742171228
1421851425994132334,0.0511921512248,-0.225932319491,-0.0351476885587
1421851426025702543,0.0473915486192,-0.227696167869,-0.0339344382835
1421851426042016251,0.0371853779409,-0.231326368253,-0.0326146923979
1421851426271427584,0.0167461728882,-0.235992456183,-0.031242217664
1421851426314103959,0.0043986920674,-0.240758745974,-0.0301061395526
1421851426333661293,0.000601337982741,-0.241736134475,-0.030091754697
1421851426364077543,0.000123363000824,-0.242540292846,-0.0301241997153
1421851426406424168,-0.00191360027513,-0.240309336353,-0.0304290679035
1421851426430469376,-0.00259205234136,-0.241670535988,-0.030107210657
1421851426452498084,-0.00493880111095,-0.241667148471,-0.0306856653905
1421851426480202709,-0.0088905504321,-0.242090837927,-0.0313452344919
1421851426508458084,-0.00863591166454,-0.241417446744,-0.0312550519757
1421851426508579918,-0.0102508974115,-0.242685853092,-0.0310763884186
1421851426556360168,-0.0139803417595,-0.239847570649,-0.0321071307496
1421851426556704418,-0.0139473302982,-0.240655021067,-0.0320540551157
1421851426614707959,-0.0164208779392,-0.240621668026,-0.032241094309
1421851426668676501,-0.018640062778,-0.240702565198,-0.0328530772646
1421851426690772251,-0.0184786399736,-0.239974151961,-0.0337341360443
1421851426721115751,-0.018752966685,-0.239283264103,-0.034531559781
1421851426743587501,-0.0183479314703,-0.235217132005,-0.0355685575225
1421851426758454001,-0.0182428367351,-0.235740518135,-0.0354231434438
1421851426790198334,-0.0169334557463,-0.236508087399,-0.0358806370334
1421851426807470626,-0.0156346342834,-0.235094047163,-0.0364532793518
1421851426825082918,-0.0151740248105,-0.234303550146,-0.0374778849191
1421851426891538584,-0.0127885940583,-0.232035124796,-0.0374154743994
1421851426915672376,-0.0100327413559,-0.232728757849,-0.0379178506791
1421851426948097918,-0.00915421342695,-0.229427354319,-0.0394661117118
1421851426977885209,-0.00895517363846,-0.230228453285,-0.0393655953923
1421851427005200418,-0.00812640210976,-0.226363421012,-0.041713303376
1421851427021838586,-0.00496869270264,-0.222815017194,-0.042910356427
1421851427035662586,-0.00343899197459,-0.22425925052,-0.0432558661988
1421851427090282919,-0.00305014178334,-0.221580044635,-0.0451976409802
1421851427112880211,0.00170553583526,-0.220589477779,-0.04507325437
1421851427113696044,0.00377036541841,-0.217022750757,-0.0469923876752
1421851427228121753,0.0074479765642,-0.214536907602,-0.0489175614572
1421851427228900961,0.010684267306,-0.214476205793,-0.0489107148562
1421851427254041753,0.0120977970277,-0.211015061523,-0.0503673327851
1421851427373518461,0.0129369292432,-0.204741527534,-0.0532392894096
1421851427393497628,0.0202243337915,-0.198442501216,-0.0560122051736
1421851427415084878,0.022853890796,-0.196169592916,-0.057132056426
1421851427498214169,0.0257240410077,-0.194091289438,-0.0578581766051
1421851427536148169,0.0272122860934,-0.190277290184,-0.0595324886764
1421851427536665253,0.0290751691881,-0.187063359639,-0.0601494979911
1421851427565372586,0.0300944114948,-0.186955957923,-0.0606719349846
1421851427634667628,0.0317749243212,-0.183552781308,-0.0612344204967
1421851427646850836,0.0338899670787,-0.181922451713,-0.0616693876351
1421851427662657878,0.0343054664218,-0.180057672938,-0.0623687286302
1421851427676030211,0.0349873537088,-0.178246588505,-0.0626059572353
1421851427801400961,0.0374102652766,-0.170800314439,-0.0642710675187
1421851427820998378,0.0390342201931,-0.167291790712,-0.0643683666757
1421851427877561795,0.0386574555534,-0.166883645419,-0.064610464905
1421851427877988420,0.039087527325,-0.163546126219,-0.0648857480946
1421851427888038461,0.0403874137696,-0.158757182212,-0.0655062928738
1421851427931535795,0.038903019083,-0.158233153224,-0.0654971462014
1421851427942123878,0.0377660729697,-0.156377150259,-0.0658483209547
1421851428006958878,0.0372005045764,-0.154605948962,-0.0653607764385
1421851428007387628,0.0363518580067,-0.151504766458,-0.0661548375997
1421851428054540211,0.0357400497504,-0.150037962019,-0.0658617380097
1421851428139045669,0.033229829014,-0.146479250397,-0.0661214568754
1421851428206355628,0.0343862928393,-0.144269759805,-0.0660253097438
1421851428206856961,0.0327419321752,-0.143276490892,-0.0663645579401
1421851428207259086,0.0313770001708,-0.142969319336,-0.0658567143493
1421851428270185628,0.0284292470812,-0.141601928133,-0.0661833227135
1421851428270354378,0.0270263338911,-0.140282871916,-0.0664913759927
1421851428306560045,0.0249000211261,-0.140196676543,-0.066888734952
1421851428308250003,0.0248526099096,-0.140287916636,-0.0664852194681
1421851428320496628,0.0217834801276,-0.141411236874,-0.0658083978228
1421851428349165836,0.0193184442202,-0.140057251792,-0.0665643156122
1421851428386114753,0.0174479371009,-0.136044408549,-0.0679855693621
1421851428435925669,0.0153219352694,-0.139292824805,-0.0667617137633
1421851428445994044,0.0141974967568,-0.136759507793,-0.0670956111109
1421851428494464919,0.0123096834434,-0.138143918938,-0.0666235767212
1421851428583386461,0.0109064312296,-0.138792055424,-0.0668099642435
1421851428584506253,0.00680004449917,-0.136976651554,-0.0670906973939
1421851428585005128,0.00550191982036,-0.13922786937,-0.0659347034592
1421851428752384753,0.000977003677476,-0.138004041968,-0.0664373821513
1421851428752718461,0.00060483484198,-0.136931638293,-0.0665289216138
1421851428753047170,-0.00328466820085,-0.137507229476,-0.0668107343137
1421851428843953753,-0.00495829894346,-0.140804580359,-0.0640029276353
1421851428844394336,-0.00758414242509,-0.139062934607,-0.0639254138332
1421851428894465795,-0.0108240388443,-0.143362814188,-0.0600658750235
1421851428934177836,-0.0125661218793,-0.141188817676,-0.0597884197039
1421851428934644253,-0.0142233539961,-0.142218139083,-0.0591195570225
1421851429056923670,-0.013505350898,-0.142755066929,-0.0573201644487
1421851429075631628,-0.0139045863729,-0.141604690068,-0.0544105788608
1421851429082885045,-0.0137120471445,-0.143984542161,-0.0516307948434
1421851429216543086,-0.0134809728112,-0.143578241201,-0.0497569631415
1421851429233334295,-0.0111977694756,-0.144357742137,-0.0476566540723
1421851429244870420,-0.0115590634892,-0.144131861381,-0.0456642597435
1421851429259148253,-0.00971557852699,-0.142090149757,-0.0451093934176
1421851429307737628,-0.00951114958595,-0.141883126552,-0.0442579490412
1421851429355214295,-0.00714635864558,-0.144577469465,-0.0426740742167
1421851429355689711,-0.00525670755672,-0.14364840945,-0.041359822063
1421851429356133503,-0.00342787212635,-0.143853721536,-0.0405667285098
1421851429409823586,-0.00159083296177,-0.141901616802,-0.0398954722897
1421851429472992253,-0.000365761326369,-0.141779060979,-0.0388288011845
1421851429473484836,0.00173170873593,-0.140880967819,-0.0388088654301
1421851429628242378,0.00702886335477,-0.138943399155,-0.0371199725342
1421851429628624003,0.010921923323,-0.135773183357,-0.0358274007525
1421851429628980545,0.0160077303182,-0.133506376892,-0.0347871589807
1421851429629403961,0.0187037701173,-0.133913435536,-0.034211887644
1421851429694457711,0.0217212676917,-0.129686935371,-0.0336604519274
1421851429694885753,0.0265402548366,-0.128778278642,-0.0329241227856
1421851429725706545,0.0273747869585,-0.126094131436,-0.0330392712679
1421851429753429003,0.0312989667305,-0.124247014714,-0.0323090037592
1421851429814405795,0.0338011433523,-0.123243714525,-0.0331189871136
1421851429815071670,0.0392401670432,-0.12123010962,-0.0314667377298
1421851429871443545,0.0425337453268,-0.118271480955,-0.0311557296155
1421851429871942795,0.0466439540689,-0.118345606281,-0.0309236025128
1421851429937506003,0.0485418475299,-0.11531133492,-0.0309751337485
1421851429937975920,0.0500810938749,-0.113137605269,-0.0315322029696
1421851429978569128,0.0526983920877,-0.112639685388,-0.0315781918991
1421851429979011836,0.0549227637086,-0.110659626546,-0.0317163921103
1421851430021325878,0.0587134741868,-0.110202347703,-0.0314712736469
1421851430036245586,0.0597138177432,-0.106935590592,-0.0325117337779
1421851430055302920,0.0634301400438,-0.104671933699,-0.0334524985789
1421851430084539170,0.06441279428,-0.102448327342,-0.0342259491292
1421851430152506378,0.0657780502416,-0.101268769682,-0.0348464051401
1421851430184148753,0.0683529523432,-0.0999783570817,-0.0355815317998
1421851430206885420,0.0710920615998,-0.100589991346,-0.0357277340063
1421851430256858670,0.070798454243,-0.0954914992218,-0.0381062555146
1421851430257062211,0.0702518094844,-0.0951951270173,-0.0391136883829
1421851430292065878,0.0720265033158,-0.0925436369859,-0.0400446407568
1421851430292524503,0.0715892028634,-0.0922804144468,-0.0408716779161
1421851430326826295,0.0752399129629,-0.0927491020882,-0.0412972794865
1421851430347398086,0.073326241389,-0.0923425659756,-0.042181395242
1421851430390335878,0.0727825318472,-0.091967838786,-0.0430738680226
1421851430440324628,0.0732974534715,-0.0924618475977,-0.0434200452678
1421851430466718670,0.0721559156851,-0.0914476542941,-0.0443213117183
1421851430541017045,0.0731457601976,-0.091586741357,-0.0459214577526
1421851430541238670,0.0700920490294,-0.0897726215725,-0.0473030580717
1421851430582772128,0.0695977989993,-0.0920417532179,-0.0474629302519
1421851430611786170,0.0697358190378,-0.0942904082022,-0.0473988860659
1421851430612270795,0.0683388834364,-0.0945432964258,-0.0479442391808
1421851430636967961,0.064579765429,-0.0944502200171,-0.0491637132196
1421851430688859003,0.0634232615467,-0.0962681737882,-0.0493648651866
1421851430689013920,0.0606275454467,-0.0961377329609,-0.0505043286667
1421851430706841711,0.060263069256,-0.0984156925804,-0.0504044606875
1421851430743500586,0.0580976757056,-0.0993362932275,-0.0511765144744
1421851430754952461,0.0554433055217,-0.0993162216849,-0.0516933138759
1421851430780087545,0.0541257741119,-0.0989361745479,-0.0525854748724
1421851430829417086,0.0493779185406,-0.100162101777,-0.053126592658
1421851430873790295,0.0483150502307,-0.100682818129,-0.0533131436616
1421851430893261628,0.0470626036519,-0.1029603285,-0.0539656960113
1421851430912249128,0.0449543971129,-0.105799892536,-0.0533049967665
1421851430927976586,0.0417288879562,-0.103530123272,-0.0549899089499
1421851430949388961,0.0406483708636,-0.105345130198,-0.0549860546458
1421851430992273378,0.0400161381888,-0.108362383398,-0.0545782072689
1421851431025684045,0.0369989804817,-0.109259474328,-0.0551717187022
1421851431054950461,0.035341629498,-0.109565015273,-0.0557421423614
1421851431120068461,0.0352616674871,-0.111525803743,-0.0559203879914
1421851431120222003,0.0332491551406,-0.111228199956,-0.0561953197341
1421851431146356378,0.0328063245489,-0.115026116997,-0.0564302777048
1421851431186858628,0.0327659967137,-0.1159733685,-0.0567009766051
1421851431220012005,0.0331651750761,-0.117428350737,-0.0568808226998
1421851431230506421,0.0297912798733,-0.115096826614,-0.0581383163014
1421851431285400754,0.0308965904542,-0.117804845909,-0.05795356173
1421851431355117130,0.0323606517386,-0.118685384937,-0.0583932260767
1421851431355315379,0.0315998020083,-0.119213176935,-0.0588682484365
1421851431431923755,0.0314910513581,-0.119554215725,-0.0589181956203
1421851431432765672,0.0322056589817,-0.117600545271,-0.0605973034124
1421851431433615005,0.0317405699591,-0.116223461418,-0.0634373652586
1421851431545911379,0.0331588752457,-0.116693934261,-0.0636847161835
1421851431546427630,0.0348761303866,-0.117741016458,-0.0641969263332
1421851431548072171,0.0383965126858,-0.116077972147,-0.0654894417594
1421851431768520338,0.0405217431402,-0.116666466327,-0.0659554702471
1421851431768962505,0.0416252691911,-0.115153143168,-0.0667338195114
1421851431769361338,0.0429105037838,-0.116400112479,-0.0668855033799
1421851431769762130,0.0454582662697,-0.112171448376,-0.0686306510142
1421851431769876130,0.0498413025589,-0.113392824525,-0.0682995692148
1421851431916272755,0.0588108994358,-0.109658689045,-0.0700452090198
1421851431916654338,0.061483490432,-0.111681639461,-0.0695822928835
1421851431917059380,0.0649262713164,-0.111771375884,-0.0697610447724
1421851431984400255,0.0712551481435,-0.109073814407,-0.0720503020029
1421851431984855880,0.0761514073308,-0.110199396326,-0.0722581126046
1421851431985269130,0.0784659961542,-0.10907042104,-0.0735690818263
1421851432002214255,0.0815953835144,-0.109149851169,-0.0731746599576
1421851432034983963,0.0816050714542,-0.108521264367,-0.0740950484754
1421851432094571671,0.0825518934242,-0.107070690416,-0.0754855208519
1421851432148801713,0.0851110257366,-0.1102316339,-0.0744103821918
1421851432162441588,0.0848376536808,-0.108580400222,-0.075882225582
1421851432196406380,0.0877174526774,-0.107747697331,-0.0752207709173
1421851432233849671,0.0863821386906,-0.107781058073,-0.0759169662369
1421851432256977963,0.0870939414235,-0.108809391178,-0.0756832011943
1421851432271059380,0.087232740223,-0.109295644989,-0.07661909857
1421851432304131463,0.0857035725759,-0.108631605548,-0.0766078826845
1421851432332091130,0.0843371683755,-0.107529768358,-0.0772568137578
1421851432368982921,0.0842024764492,-0.108284013959,-0.076934927158
1421851432402255088,0.0830832628171,-0.106622679218,-0.0773404266529
1421851432402682255,0.0819369853149,-0.10898162657,-0.076739107622
1421851432478261672,0.0812574153446,-0.110560828305,-0.0763077524936
1421851432524247963,0.0758795561906,-0.111508445741,-0.0768350876209
1421851432549163421,0.0743962574449,-0.110711647018,-0.0767391006997
1421851432701652297,0.0721046123424,-0.111448260563,-0.0773032979509
1421851432702469380,0.0734454507073,-0.111972255276,-0.0767303517373
1421851432702856422,0.0700023918734,-0.113306645861,-0.0766589632777
1421851432703601338,0.0665681596261,-0.112811359136,-0.0777751928036
1421851432704639005,0.0641785421436,-0.1161012646,-0.0770578568185
1421851432704773463,0.06329109595,-0.118020147764,-0.0773313125933
1421851432944735421,0.0577532004925,-0.120215623543,-0.0780301672902
1421851432945236213,0.0562544644255,-0.121109301346,-0.0780806034072
1421851432945790963,0.0524009903159,-0.120988696374,-0.0792222293728
1421851432946212088,0.0495237444727,-0.12185141708,-0.0809269141266
1421851432946380463,0.0473102088559,-0.1246101128,-0.0824320560162
1421851432947549838,0.0424565706402,-0.124393488581,-0.0839710690477
1421851432947663422,0.0419885287415,-0.126077502554,-0.0841939872969
1421851432948038088,0.038989959596,-0.127048427882,-0.0846676525596
1421851433251706755,0.0365780786573,-0.127909447294,-0.086199774485
1421851433251863630,0.0359226106758,-0.127506556598,-0.08693475806
1421851433256080005,0.0331961681719,-0.130744293197,-0.0884376086894
1421851433256724047,0.0297543003238,-0.128654545024,-0.0905765607648
1421851433257125922,0.0293920980129,-0.129447077886,-0.0918928948098
1421851433257266047,0.0312620027105,-0.131314667868,-0.0918459515262
1421851433257412922,0.0274561552307,-0.131851933216,-0.0940490420079
1421851433257939338,0.0258431557642,-0.131754111678,-0.0950666471806
1421851433258082130,0.0255059944912,-0.130695810598,-0.0965058090339
1421851433258202047,0.0251741402384,-0.131663610993,-0.097115364686
1421851433652646797,0.0239659572015,-0.130927586459,-0.0994761790149
1421851433653087463,0.0210188453032,-0.130381714533,-0.100428889936
1421851433653479380,0.0225233615355,-0.129801696051,-0.102257463986
1421851433653826463,0.0219419716198,-0.128952336088,-0.103582122252
1421851433654209797,0.0226489374232,-0.128182139694,-0.10407900773
1421851433654638880,0.0234248898198,-0.126437520903,-0.105470129401
1421851433654995088,0.0259132923287,-0.127751670297,-0.105424262477
1421851433655317797,0.0253908915366,-0.126278633783,-0.106139257214
1421851433655617255,0.0271977426469,-0.123385374737,-0.10768485439
1421851433655957005,0.0274976303338,-0.122437304903,-0.108158265933
1421851433656453213,0.0305186583904,-0.120987756217,-0.108706953243
1421851433656837297,0.0312135965994,-0.117561973878,-0.109090083554
1421851433905297088,0.0364649276736,-0.115938641947,-0.108642983004
1421851433905433213,0.0364491877254,-0.116171565489,-0.108303705732
1421851433905862005,0.0365936184128,-0.111209753913,-0.108913994473
1421851433905970172,0.0377741180569,-0.109253785948,-0.109030919275
1421851433906333672,0.0389583552192,-0.106925343281,-0.108940285088
1421851433906715380,0.0429730687421,-0.106688539219,-0.107266736822
1421851433907097172,0.0447356685669,-0.102549974788,-0.107840242591
1421851434058337463,0.047819449825,-0.100485043833,-0.107730786778
1421851434058737505,0.049755966762,-0.102705576365,-0.10556491943
1421851434059097422,0.0506815678247,-0.0958114310121,-0.106915014976
1421851434059530213,0.0525653804361,-0.0948723010266,-0.105839336867
1421851434124442005,0.0536957888336,-0.0935348087387,-0.105882219788
1421851434124567797,0.0557064966461,-0.0918187895071,-0.105663216595
1421851434146452297,0.0580253012319,-0.0920595475643,-0.103644071544
1421851434240258672,0.0614015557139,-0.0869293508126,-0.104094461619
1421851434254197630,0.0619538564694,-0.0811882438085,-0.102381072541
1421851434271515088,0.06399261007,-0.0797554468586,-0.102109887154
1421851434331889797,0.0657059249828,-0.0742446090753,-0.10142629459
1421851434359306630,0.0675766877563,-0.0677623536418,-0.100899141673
1421851434421136130,0.067262338734,-0.0620013380297,-0.100024622893
1421851434421303755,0.0685421939402,-0.0579011805606,-0.0953906346005
1421851434453477213,0.0720357833874,-0.0421961782475,-0.084447481559
1421851434519412588,0.0767248346872,-0.0311422092874,-0.0787039175489
1421851434519872672,0.0737622083669,-0.0209824600256,-0.0730915967337
1421851434520329547,0.0770230669678,-0.0106086565233,-0.0654758483581
1421851434599561338,0.085163947799,0.00248953186583,-0.0558618286359
1421851434641809672,0.0817147066995,0.0369151834849,-0.0392056165978
1421851434675020630,0.0812380399606,0.0580743018662,-0.0303770804708
1421851434710800088,0.0782351503377,0.0651506290928,-0.0274803670158
1421851434741770130,0.0711576890307,0.0656626320554,-0.0252327931393
1421851434776890380,0.0696928605736,0.073132309242,-0.0235447794468
1421851434796615797,0.0734674959351,0.0762748896632,-0.0204220413394
1421851434814548005,0.0725930303538,0.0804374537868,-0.0182341800548
1421851434840827838,0.0674406957726,0.0799741549228,-0.018400186984
1421851435003297172,0.0529081664752,0.0679575514983,-0.0203833210931
1421851435003430297,0.0497921350832,0.0651829459981,-0.0237896027172
1421851435056304547,0.0444669971223,0.0621580713964,-0.0264331699944
1421851435056425922,0.0424139578884,0.0557349775921,-0.0272590624126
1421851435084000963,0.0427628371144,0.0571544484769,-0.0305630747682
1421851435116833463,0.0405521648081,0.0474211320408,-0.0331713707078
1421851435172836463,0.0360141965041,0.044066790509,-0.0359559215952
1421851435209788963,0.0354290164888,0.0346130716587,-0.0399622862323
1421851435230075338,0.0305862045746,0.0296085190773,-0.0430256193768
1421851435255439255,0.0334422382532,0.024781590454,-0.0447425732717
1421851435281369380,0.0270537793625,0.0198366757464,-0.0472745362516
1421851435308240880,0.0267246976925,0.0115775148455,-0.0523516344867
1421851435329073630,0.0230705110384,0.00699325114856,-0.0546847584183
1421851435346222338,0.0258487758591,-0.000652984979277,-0.0559047603357
1421851435391984839,0.0197936350518,-0.00350134243384,-0.0596679624268
1421851435433498465,0.0210274734806,-0.00938797964756,-0.0611216731572
1421851435448775840,0.0211628616342,-0.0168117890216,-0.0621669201471
1421851435480007965,0.0182639950511,-0.0189140407355,-0.0650406249786
1421851435487163215,0.0203824184708,-0.0237067675714,-0.0665964966438
1421851435526907965,0.019202633097,-0.0289797316423,-0.0680741402071
1421851435592738424,0.0197858205276,-0.0338702647096,-0.0691664429178
1421851435631137131,0.0163569276599,-0.0441472539492,-0.071907082047
1421851435644351965,0.013947985578,-0.0515917884106,-0.0735331760794
1421851435664612590,0.014049745991,-0.0540686535519,-0.0749742221765
1421851435887151299,0.00957983822942,-0.090790795049,-0.0829480587654
1421851435980052798,0.00800701465891,-0.1037178685,-0.0848589762114
1421851435999023382,0.00884082128525,-0.108660334779,-0.0848380153131
1421851436070305007,0.0098065704571,-0.118748276529,-0.084801244495
1421851436099371132,0.00919761355516,-0.119873946181,-0.0847614424
1421851436129062007,0.00847460190061,-0.123048591621,-0.0848705057467
1421851436210694382,0.0080222077874,-0.130996533353,-0.0852550369509
1421851436275908465,0.0103577398601,-0.133600225148,-0.0847388034009
1421851436276309757,0.0106177126205,-0.133334487468,-0.0853117517905
1421851436320256673,0.0137806643095,-0.135204082836,-0.0856107711043
1421851436510486465,0.0206418550581,-0.133670304461,-0.0872650498509
1421851436510904340,0.0231992225275,-0.13167523882,-0.0879178787517
1421851436575152673,0.0290081327912,-0.12697744312,-0.0902715754871
1421851436612286299,0.0305071707328,-0.12484680985,-0.0911455796166
1421851436638213674,0.0315944282212,-0.123375389938,-0.0919570299504
1421851436651111340,0.0372903104841,-0.119668851325,-0.0930514566435
1421851436843288132,0.0608002321892,-0.100519536262,-0.0995859044153
1421851436882364507,0.0624047393184,-0.097669126468,-0.101102958763
1421851436882493632,0.0648567861956,-0.0951670889286,-0.101482185534
1421851436986051215,0.0699512093379,-0.0823469688006,-0.105777740787
1421851437005665965,0.0703473543878,-0.0793805485164,-0.106708392846
1421851437420006465,0.0683809815327,-0.0406430473873,-0.0988100870957
1421851438295232757,0.0491443534536,0.00654383686897,-0.0829266290993
1421851438295652465,0.0496618172543,0.0074716788165,-0.0832563034259
1421851438432908715,0.0497115985535,0.0259784764498,-0.0931771389974
1421851438466943840,0.0494801049752,0.0297552910822,-0.0960984646176
1421851438525764590,0.0503840276384,0.0454497899018,-0.107076255588
1421851438571937299,0.0509705283902,0.0551555497393,-0.111536948422
1421851438600575549,0.0599297426219,0.0613720214779,-0.111941174437
1421851438641956007,0.058748130542,0.0713616790552,-0.117128312623
1421851438654748757,0.0662822440113,0.102409617917,-0.125901690722
1421851438743766799,0.0785121197269,0.175476568528,-0.1310275681
1421851438807451424,0.0755962516197,0.19268793588,-0.132782818321
1421851438833974465,0.0706837725217,0.191834106043,-0.129834070483
1421851438855043715,0.0748587109586,0.193254320101,-0.129124737632
1421851438878636549,0.0747731175314,0.188509085493,-0.126874012659
1421851438900612257,0.0732449025787,0.185596827174,-0.123732256181
1421851438997832299,0.0670326333824,0.174698829521,-0.116352298632
1421851438998235257,0.0644481130153,0.167624258158,-0.108896711167
1421851439024748257,0.0629557476783,0.167036214296,-0.10541721041
1421851439082885965,0.0628199567906,0.156490337857,-0.100188943204
1421851439108212965,0.0552365828434,0.150166609186,-0.098547658547
1421851439129281257,0.0590516490765,0.140430629044,-0.0929558169552
1421851439148821007,0.0553562027064,0.126989260119,-0.0860982521255
1421851439208644382,0.0599942860584,0.113195813307,-0.0788705628478
1421851439227523799,0.0605912185537,0.103096343307,-0.0750245855775
1421851439273755799,0.0527685133865,0.0934067951739,-0.0727972719545
1421851439320416674,0.056396453579,0.0800105273521,-0.0679198071582
1421851439320939840,0.0545054019649,0.0733194539143,-0.0662539349233
1421851439362063257,0.054831852333,0.0661061506508,-0.0638086478882
1421851439362703799,0.0526257074316,0.0570132029227,-0.0616902528395
1421851439397836799,0.0515033231605,0.0406271277884,-0.057883125155
1421851439434207465,0.0517544432282,0.03262816016,-0.0564633608788
1421851439460678715,0.0522607510751,0.0231233792017,-0.0544728855117
1421851439480355715,0.0511878129681,0.00707454842391,-0.0537736471848
1421851439506076340,0.0517690948052,-0.00213051359999,-0.0522224264569
1421851439549973465,0.0491659885454,-0.0111812335639,-0.0523182924107
1421851439566077507,0.0492922321496,-0.0165766995868,-0.0523689446932
1421851439596453051,0.051255046473,-0.0339985852479,-0.0518875728813
1421851439653718842,0.0529690514399,-0.0404378132787,-0.0518674240495
1421851439711764592,0.053658163383,-0.047088190419,-0.0523536012224
1421851439712187467,0.0556376506693,-0.0534035561868,-0.0525905243398
1421851439754119175,0.0572696380006,-0.0661748283963,-0.0533849839886
1421851439779724009,0.0581469746785,-0.0720846115728,-0.0537052406893
1421851439808927300,0.0596858347374,-0.0765265170974,-0.0551710706276
1421851439816562592,0.0616374430974,-0.0825676967376,-0.0561700673473
1421851439862678967,0.0635894718859,-0.0851119778569,-0.0579442893557
1421851439900463925,0.0632118005096,-0.0903306392871,-0.0586758483457
1421851439950557300,0.0689470124052,-0.0978789550217,-0.060049805237
1421851439951048300,0.0699608604976,-0.101690870899,-0.0613863876554
1421851440054131925,0.0711555030384,-0.103380532571,-0.0629954409614
1421851440054263967,0.0736486457802,-0.109951971535,-0.0646371887617
1421851440134046217,0.0742605525028,-0.111952022134,-0.0663371133251
1421851440134520467,0.0779057394847,-0.116462598464,-0.0697757013134
1421851440134940800,0.0770124733895,-0.11825264145,-0.0708774441077
1421851440206227842,0.0782047127604,-0.12041359542,-0.0717420757614
1421851440206355467,0.0799970036915,-0.120185202016,-0.0732630525304
1421851440298926425,0.0811792679795,-0.11980313966,-0.0739728336345
1421851440299399884,0.0821950290265,-0.121811742408,-0.0751600150847
1421851440299561925,0.0821237360394,-0.122796552817,-0.0755826761738
1421851440406827217,0.0836502734592,-0.121366948216,-0.0774510825402
1421851440406988009,0.084745529179,-0.122719098043,-0.0786483197641
1421851440491839009,0.0840636219245,-0.122954489295,-0.0787835777294
1421851440492037009,0.0830191472038,-0.124638130263,-0.0792946384264
1421851440492189592,0.0835802650438,-0.123522400598,-0.0803655848741
1421851440492440842,0.0823756434153,-0.120339043068,-0.0816873482647
1421851440492598301,0.0838741113913,-0.122049761369,-0.0814282023204
1421851440541613592,0.0858019716421,-0.119084440941,-0.082333233257
1421851440541755926,0.0831305297757,-0.119272796381,-0.0832162127007
1421851440572638217,0.0839707016018,-0.117126877299,-0.0839082331291
1421851440623379426,0.082366327,-0.114936352568,-0.0852278903692
1421851440659061592,0.0837982421573,-0.111442680787,-0.0860376421205
1421851440772750967,0.0832430043113,-0.109034964668,-0.0883683323374
1421851440772900092,0.0847153861651,-0.105683803944,-0.0898126579046
1421851440773026592,0.0834351134745,-0.0968919677381,-0.0939231892399
1421851440888954384,0.0835725725654,-0.0924899375001,-0.0965162737672
1421851440889511467,0.0837002593576,-0.0886444278304,-0.0974066752843
1421851441438989592,0.0322323234044,-0.039184655636,-0.0817664569345
1421851441739868092,-0.0525552664024,-0.0181474512696,-0.13705544302
1421851442142716259,-0.0421554527944,0.00140450786838,-0.145487392947
1421851442143495009,-0.0413302693082,-0.0023830272729,-0.144481484796
1421851442943980551,0.147263179035,-0.0953617206387,-0.108267498002
1421851442981865092,0.155526621302,-0.100053875491,-0.108162233987
1421851443060895801,0.163201623168,-0.105475482077,-0.107902387398
1421851443061372426,0.168393159446,-0.111614129355,-0.107657820042
1421851443096115551,0.185076295815,-0.122192459212,-0.107883719378
1421851443107313592,0.200766905055,-0.136145612531,-0.109345487475
1421851443138333384,0.22461350573,-0.147117622438,-0.109569231313
1421851443166872676,0.248045223908,-0.162040962785,-0.110274284589
1421851443251647426,0.267964407432,-0.171408138295,-0.109412531123
1421851443252016342,0.262683038054,-0.174027095192,-0.112999513064
1421851443275288342,0.283051600394,-0.187231989551,-0.109863294752
1421851443289433134,0.284400662527,-0.191049219311,-0.116657817469
1421851443497907759,0.256568723523,-0.202199529658,-0.144006362575
1421851443539187509,0.257474817846,-0.207824772332,-0.145457856072
1421851443605813634,0.231334824313,-0.20315912124,-0.151266400124
1421851443606261801,0.232620724762,-0.206221227972,-0.151796531364
1421851443638860176,0.21759728909,-0.201693774047,-0.157005433464
1421851443646868926,0.212998167689,-0.201903936668,-0.159066220898
1421851443679674926,0.199675466725,-0.201460682182,-0.160979536215
1421851444238993719,0.0754795828322,-0.157664212568,-0.163024746983
1421851444239441552,0.064999635665,-0.148727509865,-0.159873836583
1421851444239851802,0.0584496717186,-0.141069439971,-0.160065333522
1421851444751465678,-0.0040143636647,-0.0393288512261,-0.12179025188
1421851444762711178,-0.00336625150225,-0.03357659788,-0.120139556089
1421851444826300094,-0.00623956740695,-0.0201008150595,-0.114885487119
1421851445990858719,0.140590134482,0.0263606033761,-0.106133224865
1421851445991003302,0.161644352818,0.0242506355431,-0.108099938898
1421851446047316553,0.165556015683,0.0228476437738,-0.108096535616
1421851446110572344,0.180907549286,0.0215401758007,-0.10855409261
1421851446110705761,0.193524406166,0.0253239946569,-0.1109484289
1421851446189682428,0.20026288238,0.0255337021847,-0.111925601629
1421851446190058386,0.218173278592,0.0289650089986,-0.112997460108
1421851446190426219,0.246289326503,0.0309760719575,-0.114916666737
1421851446282252678,0.247479524314,0.0272918054121,-0.114619892682
1421851446282667886,0.272364043852,0.0316831086175,-0.117793805614
1421851446283085261,0.270509407391,0.0253498509178,-0.116935890214
1421851446283519261,0.278027548558,0.0207535763014,-0.118828497767
1421851446340079969,0.282426355155,0.0172527494822,-0.119272815242
1421851446376909178,0.28151173794,0.00985648819075,-0.117717111575
1421851446377308344,0.281470211152,0.00876766229247,-0.119077289377
1421851446441897636,0.279923100889,-0.00457646032804,-0.116050305665
1421851446503381094,0.267432810351,-0.013931585295,-0.114898334135
1421851446503790511,0.267993457864,-0.018741117203,-0.113504826577
1421851446555208094,0.259148047254,-0.0254954877718,-0.112513036992
1421851446614603636,0.242379294502,-0.0381138383904,-0.109766445862
1421851446614973928,0.234490075798,-0.0424341095798,-0.1092032995
1421851446615174553,0.231790324134,-0.0461017573309,-0.108735277668
1421851446666438469,0.214346133521,-0.0509998689607,-0.109318270251
1421851446700552719,0.201892356724,-0.0594967652101,-0.107485504918
1421851446719731928,0.191755322696,-0.066078307012,-0.105848637522
1421851446736763136,0.185138708363,-0.0700627543072,-0.105451671847
1421851446754611303,0.177840511872,-0.0747246583457,-0.104811077471
1421851446813266844,0.1684116305,-0.0803017936589,-0.10474609877
1421851446823713011,0.162067280305,-0.0834704826179,-0.104742420542
1421851446870745719,0.155182403101,-0.0878524515766,-0.104876863167
1421851446902074094,0.14929177965,-0.0925272322762,-0.104092487897
1421851446906606094,0.142637241747,-0.0957580037063,-0.104274515174
1421851446948885386,0.135931530048,-0.100008471142,-0.103834546125
1421851446978760303,0.127632949997,-0.105907874561,-0.102680767
1421851447000138803,0.123863851161,-0.10766437644,-0.102732041611
1421851447063477136,0.112930527269,-0.113914751558,-0.102094133069
1421851447113516261,0.10860777898,-0.116065835692,-0.101741464951
1421851447124763011,0.107061143196,-0.116984490114,-0.101058776726
1421851447175376803,0.103118099224,-0.118548764768,-0.101024209233
1421851447175812761,0.100341067536,-0.118299275199,-0.10102606502
1421851447189460761,0.0966530594231,-0.119137077876,-0.101430979534
1421851447232178761,0.0931093016311,-0.123538388383,-0.10054539935
1421851447266851428,0.091345494476,-0.119677703668,-0.102119359559
1421851447297651136,0.0886921149522,-0.120668648836,-0.102439982858
1421851447322055886,0.0884174857138,-0.121703249524,-0.101912970363
1421851447338965928,0.0882000304634,-0.122204781164,-0.101908923118
1421851447358196719,0.0877249467318,-0.119204711071,-0.102975005605
1421851447387771969,0.0878210381877,-0.119817481679,-0.102241208404
1421851447407794386,0.086490858274,-0.118084148752,-0.102628404225
1421851447453525261,0.0912608256604,-0.1173273276,-0.101226007683
1421851447497644719,0.0917751324336,-0.11445937004,-0.10144095869
1421851447521521969,0.0925495327988,-0.1139693213,-0.100581018143
1421851447555387928,0.0969860388603,-0.109281400116,-0.0987904622996
1421851447581955428,0.0981949393554,-0.108398696842,-0.0987065141371
1421851447617693511,0.10237281513,-0.10317292948,-0.0967836442867
1421851447652075969,0.104307242421,-0.0997607635179,-0.0967058418956
1421851447691792178,0.107281846786,-0.0980589958619,-0.0953545429049
1421851447734273553,0.108615879702,-0.0957087641725,-0.0939813400886
1421851447794661303,0.112992495624,-0.0943363996401,-0.0926327740673
1421851447795148386,0.11706992913,-0.0868206454068,-0.0896032716709
1421851447822346219,0.120134060115,-0.0828579133662,-0.0891514821611
1421851447873749386,0.122926497405,-0.0814033701228,-0.0871626953945
1421851447874185011,0.122589111522,-0.0802407128168,-0.0862794535141
1421851447912698594,0.127017974745,-0.0767815929184,-0.0839234015702
1421851447952327011,0.128319376477,-0.0727387194548,-0.0836149016253
1421851448012158971,0.131519861867,-0.0724061616355,-0.0814597260528
1421851448024388346,0.131038876918,-0.0695931282991,-0.0811330884652
1421851448048246971,0.132445242733,-0.0659256509801,-0.0805257985019
1421851448068850638,0.133104526589,-0.0653746988855,-0.0795978512824
1421851448087584180,0.131811627352,-0.061765231267,-0.0804154166679
1421851448114864596,0.134905087127,-0.0594027883067,-0.0784907753021
1421851448141851263,0.136505603012,-0.0575816640578,-0.078345787065
1421851448172550596,0.136284863805,-0.0560953063598,-0.0773098537209
1421851448237427305,0.136327829879,-0.0574631620806,-0.0773371999275
1421851448237792638,0.137279892687,-0.0532889451731,-0.0777220978904
1421851448237934054,0.137355590727,-0.0541354089536,-0.0766608233978
1421851448286389888,0.139046654432,-0.0539736610679,-0.0767949577634
1421851448301402971,0.137892171719,-0.0517088629658,-0.0772219014102
1421851448320070179,0.139069380569,-0.0496834727744,-0.0778913058884
1421851448360867096,0.137595024725,-0.0481562582477,-0.078780344055
1421851448394036971,0.136320650133,-0.0506977739781,-0.0786038559879
1421851448441623388,0.137105484657,-0.0481368748022,-0.0792779584175
1421851448474857513,0.136343768476,-0.0480415226926,-0.0798791339084
1421851448508400346,0.135736446875,-0.0482521261818,-0.0807628494778
1421851448578474554,0.134339373976,-0.0480411607853,-0.0818585865641
1421851448605357221,0.132687727226,-0.0480236204512,-0.0834532945318
1421851448605792429,0.131837692519,-0.0480518180719,-0.0855351049886
1421851448645893263,0.13008630988,-0.0452643391019,-0.087457550336
1421851448661729346,0.128799677401,-0.0479395961228,-0.087926998264
1421851448729284263,0.129005891458,-0.0485030987056,-0.0892942448724
1421851448729417138,0.128450255796,-0.0477621852059,-0.0899687803453
1421851448747774096,0.126479813181,-0.0494986674807,-0.0923892248617
1421851448801709680,0.124027983248,-0.0484126811904,-0.09420318886
1421851448854056763,0.122366141498,-0.0500440932089,-0.095339631262
1421851450893917513,-0.270618095817,-0.331057291402,-0.130219902418
1421851450894429263,-0.291742710526,-0.346634131757,-0.133824744956
1421851450895483763,-0.310230990009,-0.361518928574,-0.137686766708
1421851450895767846,-0.329712802667,-0.378837995347,-0.14256403538
1421851450896209763,-0.342066633831,-0.388253679629,-0.144970592723
1421851451129387513,-0.317575479135,-0.392075146704,-0.164880932141
1421851451130075513,-0.400083768563,-0.441625628521,-0.174114653083
1421851451130466221,-0.406350367921,-0.451243303759,-0.180605675911
1421851451131467805,-0.418983416331,-0.459204999901,-0.188285460442
1421851451365882971,-0.428807143593,-0.470586301696,-0.18568446432
1421851451367081388,-0.431332701092,-0.471118639259,-0.186109969799
1421851451367493263,-0.42791515326,-0.476637557943,-0.181813862511
1421851451367611638,-0.435253721878,-0.483482632471,-0.174873612142
1421851451368227138,-0.404082170385,-0.476348255044,-0.167505717089
1421851451368625888,-0.397600332439,-0.473939516573,-0.164346615825
1421851451369129763,-0.384419398287,-0.466436150519,-0.159899710686
1421851451764058471,-0.377790989276,-0.461950451443,-0.158357343045
1421851451764511721,-0.381106263409,-0.475423652968,-0.148874484286
1421851451764914013,-0.349751928186,-0.452392110893,-0.149683809222
1421851451765314971,-0.349818248736,-0.448692814222,-0.146384937521
1421851451765459638,-0.303600907595,-0.416662702487,-0.145303726382
1421851451765576513,-0.285832884488,-0.410916707893,-0.141030704202
1421851451765936138,-0.264689922469,-0.39717117631,-0.140308707569
1421851451766336513,-0.206066913526,-0.353706507249,-0.141985567198
1421851451766747555,-0.18421871008,-0.33726201869,-0.142436761525
1421851451767147555,-0.166440027433,-0.322911862623,-0.142837621183
1421851451767520555,-0.145406165449,-0.309030314203,-0.142636460277
1421851452399846931,-0.366090985688,-0.257208996176,-0.122780523863
1421851452440569889,-0.356974770111,-0.247427112634,-0.121481590701
1421851452549327848,-0.333299026187,-0.226029164008,-0.119436449842
1421851452570725014,-0.293207221967,-0.179573882062,-0.118350193273
1421851452637792348,-0.280206448408,-0.162421931508,-0.11978920794
1421851452637938556,-0.268729471437,-0.149104853407,-0.117821387299
1421851452664632223,-0.265881369925,-0.145199127509,-0.111099048592
1421851452683483765,-0.280726874316,-0.129582838732,-0.116225129411
1421851452716474973,-0.290026842731,-0.151343853598,-0.107205800808
1421851452747133098,-0.243866838891,-0.104164906932,-0.116645003821
1421851452770421390,-0.241012615368,-0.0980980868326,-0.119092626844
1421851452820973848,-0.08585277395,-0.0441830802637,-0.122514603313
1421851452854870140,-0.0566497303611,-0.0448196079304,-0.123203528829
1421851452913137807,-0.0301443850425,-0.0172207112096,-0.139896015173
1421851452934243181,-0.0103995982484,-0.0106532512845,-0.138619842163
1421851452963173056,0.023479912771,8.83057912193e-05,-0.135535054525
1421851452980849306,0.0358645398007,0.00832395775208,-0.13402966668
1421851453015057556,0.0515514979002,0.019353632169,-0.133490018576
1421851453064755306,0.0893075336625,0.0361753117188,-0.130920573443
1421851453064878015,0.103969109838,0.043385309766,-0.130272166401
1421851453095841890,0.123394067634,0.0453973711283,-0.13145643205
1421851453147525473,0.13725513148,0.0550552360747,-0.13966449157
1421851453162753515,0.15044444658,0.0603881993947,-0.14457503826
1421851453181345640,0.157889441497,0.0652226299326,-0.147253784446
1421851453212498723,0.172232154853,0.0700973808112,-0.14762345948
1421851453220931348,0.184235605935,0.0740646717708,-0.148946468437
1421851453254952390,0.191995466187,0.0811800880255,-0.15313900688
1421851453275111556,0.202380849146,0.084475539824,-0.154180380083
1421851453343506765,0.218177995674,0.0919144544945,-0.156392285885
1421851453387808057,0.224799194731,0.0931990592398,-0.155964936423
1421851453432461348,0.235765533021,0.0975808831912,-0.157607019632
1421851453454533015,0.240053479932,0.0993346589518,-0.157757586265
1421851453454929931,0.242161845308,0.101121920467,-0.159705256839
1421851453477212557,0.243363820692,0.101745421114,-0.161726645718
1421851453540127806,0.242479062152,0.102135477971,-0.16308356927
1421851453561091181,0.24290358622,0.100900785844,-0.164237518664
1421851453613968973,0.244165291864,0.102215662682,-0.164787591512
1421851453665121848,0.244567678318,0.102456145568,-0.164709447422
1421851453723319723,0.244855454656,0.103813052917,-0.164726807482
1421851453768354765,0.245881825023,0.103630157206,-0.164712639438
1421851453822972515,0.245510148516,0.102506790717,-0.164940269815
1421851453823412140,0.244764822444,0.103177904315,-0.165691077007
1421851453823946932,0.246775057567,0.102755366986,-0.164824903877
1421851453892400265,0.246079693204,0.104054767205,-0.164460772915
1421851454030665973,0.24612386818,0.101886168589,-0.164715022885
1421851454031017306,0.24650182155,0.103191573653,-0.16484952251
1421851454031559390,0.24666326621,0.102450302555,-0.165119537506
1421851454132865098,0.247805009847,0.103393589044,-0.164992110393
1421851454133279015,0.246443824385,0.102897453155,-0.165070277766
1421851454133669848,0.246168422595,0.103604118247,-0.164917331441
1421851454215575723,0.246757917817,0.103340651798,-0.165633976525
1421851454228011057,0.247153584607,0.104602638426,-0.164790184824
1421851454354838807,0.248571344463,0.103148771105,-0.164816349688
1421851454363553307,0.247987400925,0.102596394834,-0.164877142888
1421851454376966098,0.246069499104,0.103248606655,-0.165454686013
1421851454438324848,0.249143828594,0.103324448679,-0.16458209822
1421851454449437515,0.248944150357,0.101911146232,-0.164641072097
1421851454494140265,0.249717067395,0.101701483975,-0.164518591339
1421851454522899723,0.249870995329,0.102788763496,-0.165634805778
1421851454570421515,0.24883627611,0.101939342869,-0.164790037504
1421851454618067098,0.249508744203,0.102931047609,-0.164766630732
1421851454619102432,0.248514868466,0.102075714706,-0.165013498436
1421851454619591098,0.248993097221,0.102712962591,-0.164772187884
1421851454663834682,0.248779339898,0.101910289382,-0.165169652401
1421851454700544057,0.24786730352,0.103590279502,-0.165927557557
1421851454728970682,0.249099690747,0.102626253506,-0.165379375168
1421851454799089182,0.248813747553,0.103595659765,-0.165283541206
1421851454799234765,0.250215623137,0.102605826319,-0.164144375942
1421851454859934765,0.249393454507,0.103171731711,-0.165205068415
1421851454860283807,0.250052307677,0.102001513722,-0.165455017401
1421851454860428557,0.248179675399,0.101036562061,-0.16554402463
1421851454916915848,0.248502202728,0.103616773391,-0.165605767683
1421851454917455182,0.249306829455,0.101223454368,-0.164663778053
1421851454976937765,0.249321357181,0.103054064161,-0.164905013338
1421851455086633473,0.248714891594,0.103790712845,-0.16551322872
1421851455086780598,0.248108895983,0.102838555433,-0.16617367921
1421851455315717223,0.248917937361,0.102826762195,-0.165347937815
1421851455316090807,0.249481586181,0.103320340951,-0.165012797391
1421851455316651098,0.249263576747,0.10390540142,-0.165170527861
1421851455316955015,0.247610429941,0.101949733483,-0.165391106244
1421851455317099265,0.249333254242,0.101678830077,-0.165350659006
1421851455317554932,0.249794483546,0.103671001495,-0.166374150379
1421851455317745098,0.249310589863,0.102242157121,-0.165301428534
1421851455318237682,0.248500510758,0.102752857922,-0.165120720475
1421851455318470307,0.248568722371,0.103601458994,-0.165492879742
1421851455464549640,0.249151264907,0.102995265368,-0.16542050983
1421851455465353307,0.249858844695,0.102403929244,-0.165193553551
1421851455529072057,0.250251782344,0.102319480975,-0.165047739231
1421851455586084307,0.250358641162,0.102282665822,-0.165018719972
1421851455656242765,0.250287826002,0.102723725994,-0.165458293302
1421851455657331515,0.249880973058,0.10207327601,-0.165381490925
1421851455657766890,0.249844482091,0.101363001746,-0.165230145454
1421851455658395890,0.249203054581,0.101724184546,-0.16578851053
1421851455728100098,0.250458109024,0.101106096636,-0.164899662069
1421851455728577682,0.250506310324,0.103211943194,-0.165089046619
1421851455729860807,0.249329188453,0.100743309467,-0.164788749525
1421851455829948348,0.248825047745,0.100903187323,-0.165387220313
1421851455830337557,0.250397533599,0.10268036147,-0.165475370882
1421851455830979890,0.250269152577,0.102383157232,-0.165389649885
1421851455948175973,0.250503410275,0.101919406575,-0.165133736573
1421851455948602265,0.2498698386,0.103576380786,-0.165677490691
1421851455949071557,0.24974460171,0.103425126582,-0.165455789959
1421851456020207515,0.250731842965,0.10199394336,-0.165280686975
1421851456020694807,0.249095342283,0.101525489629,-0.165658606993
1421851456057530723,0.250610730428,0.103097614121,-0.165586172434
1421851456082421973,0.249851436024,0.10338121746,-0.165566477607
1421851456112852807,0.250290947324,0.102625536294,-0.165603572161
1421851456137571015,0.249506438412,0.100613652415,-0.16534956848
1421851456159196848,0.249396431183,0.102939303105,-0.165823120766
1421851456209615098,0.250120652977,0.104137863015,-0.165822282367
1421851456247866473,0.251140341116,0.102269208825,-0.165267615744
1421851456265170973,0.248564127675,0.101119381521,-0.165125993886
1421851456286948515,0.250587329505,0.102950944179,-0.165585534329
1421851456312896390,0.250607892673,0.102253952918,-0.165761666937
1421851456364810890,0.250894056683,0.102105442512,-0.165127102957
1421851456364956307,0.250778486569,0.102731475311,-0.165425988936
1421851456422440142,0.251043397679,0.103064502761,-0.165721846039
1421851456448815600,0.250391750264,0.10232875435,-0.165246754339
1421851456474997350,0.251216050029,0.102204665247,-0.165235333391
1421851456510574933,0.252082862101,0.102055648186,-0.165494653884
1421851456557127684,0.250927873237,0.101902514742,-0.165610490539
1421851456579997100,0.250383293836,0.103858746175,-0.166035620343
1421851456623334558,0.250142970601,0.102731485063,-0.165366309656
1421851456623500392,0.249702850826,0.101602382,-0.16550494251
1421851456644133183,0.25096828312,0.101625940816,-0.165170227408
1421851456683597267,0.250298143367,0.102122174495,-0.165351458245
1421851456697848892,0.251040429277,0.102589551556,-0.165863436293
1421851456727234309,0.250959197581,0.102460539787,-0.16558340812
1421851456774105767,0.251382797602,0.10330839758,-0.165786007625
1421851456814345225,0.249563706978,0.101451349882,-0.165680715741
1421851456863360767,0.251290441906,0.102493176163,-0.165190149277
1421851456865143058,0.251143306078,0.101511622662,-0.165211246467
1421851456898004850,0.25047897487,0.10042658732,-0.165039765594
1421851456898165850,0.251421102306,0.103204509987,-0.165388352571
1421851456951795725,0.251063044504,0.102943778955,-0.165644490071
1421851457003987975,0.25146380619,0.103069290647,-0.165717940782
1421851457004154017,0.252126787334,0.103036643751,-0.165313598267
1421851457045794933,0.250863822937,0.102476639941,-0.165269729697
1421851457097387059,0.251290027162,0.103135823654,-0.165566589006
1421851457097882809,0.251876657703,0.103180142518,-0.165749738672
1421851457165916600,0.250438249547,0.102998008595,-0.165485628979
1421851457166038558,0.251222721137,0.102497190888,-0.165292778447
1421851457214033517,0.250310016824,0.101714458453,-0.165441056607
1421851457214708683,0.25044794371,0.102091685086,-0.165404284478
1421851457293071267,0.251868282673,0.10258909231,-0.165399512977
1421851457341310267,0.250888749428,0.101770685604,-0.164923720925
1421851457341754975,0.251016290078,0.10250964352,-0.165167013214
1421851457365515558,0.250053575418,0.102135686724,-0.165723052265
1421851457415942767,0.250377239061,0.102466496671,-0.16551528545
1421851457450401142,0.248190812021,0.101748679121,-0.165802886068
1421851457450891975,0.250772535412,0.103234346981,-0.165591878013
1421851457523435975,0.250312339775,0.102918848399,-0.16538391985
1421851457523566975,0.251433942657,0.102036255975,-0.16556136569
1421851457561598059,0.250954848747,0.101880282069,-0.165595650954
1421851457579701892,0.250850579383,0.102771593633,-0.164983985431
1421851457728930475,0.251424188747,0.103517497224,-0.16502632474
1421851457729375933,0.251736468702,0.10351635196,-0.164368262829
1421851457730338142,0.250210043859,0.102403701887,-0.165372875584
1421851457731223017,0.249634366373,0.101324404265,-0.165703985602
1421851457893044267,0.24955470279,0.101896255589,-0.166847924566
1421851457893478017,0.249712514208,0.10189466561,-0.165248945352
1421851457894068142,0.250730161749,0.104404900456,-0.16524456485
1421851457894577808,0.249450444716,0.101817428614,-0.165707043176
1421851457895485683,0.250874000034,0.103657336548,-0.166587846377
1421851457896005142,0.250825746998,0.102881221431,-0.166478020843
1421851458004269433,0.249451966728,0.102762071347,-0.166821061463
1421851458004643808,0.250866233031,0.101669585463,-0.165195039005
1421851458005025183,0.249539573355,0.10399163958,-0.165665055264
1421851458067795267,0.251075186921,0.102655049824,-0.165184130681
1421851458068262934,0.250792895292,0.102998844204,-0.165791789638
1421851458310338850,0.25085435985,0.101335269013,-0.164717873721
1421851458310457433,0.250182933367,0.102761959848,-0.166478372472
1421851458310862892,0.251012268542,0.101019306423,-0.16564140473
